Microsoft Windows [versÃ£o 10.0.19043.1165]
(c) Microsoft Corporation. Todos os direitos reservados.

C:\Users\Alunos>cd c:\xampp\mysql\bin

c:\xampp\mysql\bin>mysql -u root
Welcome to the MariaDB monitor.  Commands end with ; or \g.
Your MariaDB connection id is 36
Server version: 10.4.17-MariaDB mariadb.org binary distribution

Copyright (c) 2000, 2018, Oracle, MariaDB Corporation Ab and others.

Type 'help;' or '\h' for help. Type '\c' to clear the current input statement.

MariaDB [(none)]> use revisao;
Database changed
MariaDB [revisao]> describe produtos;
+--------------+--------------+------+-----+---------+----------------+
| Field        | Type         | Null | Key | Default | Extra          |
+--------------+--------------+------+-----+---------+----------------+
| codigo       | int(11)      | NO   | PRI | NULL    | auto_increment |
| nome_produto | varchar(255) | YES  |     | NULL    |                |
| cor          | varchar(255) | YES  |     | NULL    |                |
| preco        | decimal(5,2) | YES  |     | NULL    |                |
+--------------+--------------+------+-----+---------+----------------+
4 rows in set (0.022 sec)

MariaDB [revisao]> select p.nome_produto,p.cor
    -> from produto as p;
ERROR 1146 (42S02): Table 'revisao.produto' doesn't exist
MariaDB [revisao]> SELECT p.nome_produto, p.cor
    -> FROM produto AS p;
ERROR 1146 (42S02): Table 'revisao.produto' doesn't exist
MariaDB [revisao]> SELECT p.nome_produto, p.cor
    -> from produtos as p;
+-----------------+--------------+
| nome_produto    | cor          |
+-----------------+--------------+
| CADERNO         | AZUL         |
| LAPIS COLORIDO  | AMARELO      |
| BORRACHA        | BRANCA       |
| REGUA           | TRANSPARENTE |
| PASTA DE FOLHAS | ROSA         |
| PEN DRIVE       | PRETO        |
| FICHARIO        | AZUL         |
+-----------------+--------------+
7 rows in set (0.001 sec)

MariaDB [revisao]> SELECT com.nf,com.data_compra, p.nome_produto
    -> FROM produtos AS p, compras as com
    -> WHERE p.codigo=com.codigo AND
    -> p.codigo=1;
+----+-------------+--------------+
| nf | data_compra | nome_produto |
+----+-------------+--------------+
|  1 | 2022-08-18  | CADERNO      |
|  3 | 2022-08-18  | CADERNO      |
+----+-------------+--------------+
2 rows in set (0.002 sec)

MariaDB [revisao]> select * from produtos;
+--------+-----------------+--------------+-------+
| codigo | nome_produto    | cor          | preco |
+--------+-----------------+--------------+-------+
|      1 | CADERNO         | AZUL         | 15.75 |
|      2 | LAPIS COLORIDO  | AMARELO      |  0.99 |
|      3 | BORRACHA        | BRANCA       |  1.50 |
|      4 | REGUA           | TRANSPARENTE |  5.32 |
|      5 | PASTA DE FOLHAS | ROSA         |  8.50 |
|      6 | PEN DRIVE       | PRETO        | 34.20 |
|      7 | FICHARIO        | AZUL         | 15.00 |
+--------+-----------------+--------------+-------+
7 rows in set (0.000 sec)

MariaDB [revisao]> update produto='regua de 30 cm'
    -> where codigo 4;
ERROR 1064 (42000): You have an error in your SQL syntax; check the manual that corresponds to your MariaDB server version for the right syntax to use near ''regua de 30 cm'
where codigo 4' at line 1
MariaDB [revisao]> update produto='regua de 30 cm'
    -> update produto='regua de 30 cm';
ERROR 1064 (42000): You have an error in your SQL syntax; check the manual that corresponds to your MariaDB server version for the right syntax to use near ''regua de 30 cm'
update produto='regua de 30 cm'' at line 1
MariaDB [revisao]> update produtos
    -> set nome_produto='regua de 30 cm'
    -> where codigo=4;
Query OK, 1 row affected (0.011 sec)
Rows matched: 1  Changed: 1  Warnings: 0

MariaDB [revisao]> select * from produtos;
+--------+-----------------+--------------+-------+
| codigo | nome_produto    | cor          | preco |
+--------+-----------------+--------------+-------+
|      1 | CADERNO         | AZUL         | 15.75 |
|      2 | LAPIS COLORIDO  | AMARELO      |  0.99 |
|      3 | BORRACHA        | BRANCA       |  1.50 |
|      4 | regua de 30 cm  | TRANSPARENTE |  5.32 |
|      5 | PASTA DE FOLHAS | ROSA         |  8.50 |
|      6 | PEN DRIVE       | PRETO        | 34.20 |
|      7 | FICHARIO        | AZUL         | 15.00 |
+--------+-----------------+--------------+-------+
7 rows in set (0.000 sec)

MariaDB [revisao]> update produtos
    -> set preco=preco * 1.1
    -> where codigo=3;
Query OK, 1 row affected (0.002 sec)
Rows matched: 1  Changed: 1  Warnings: 0

MariaDB [revisao]> select * from produtos;
+--------+-----------------+--------------+-------+
| codigo | nome_produto    | cor          | preco |
+--------+-----------------+--------------+-------+
|      1 | CADERNO         | AZUL         | 15.75 |
|      2 | LAPIS COLORIDO  | AMARELO      |  0.99 |
|      3 | BORRACHA        | BRANCA       |  1.65 |
|      4 | regua de 30 cm  | TRANSPARENTE |  5.32 |
|      5 | PASTA DE FOLHAS | ROSA         |  8.50 |
|      6 | PEN DRIVE       | PRETO        | 34.20 |
|      7 | FICHARIO        | AZUL         | 15.00 |
+--------+-----------------+--------------+-------+
7 rows in set (0.001 sec)

MariaDB [revisao]> select * from produtos
    -> where preco between 0.50 and 2.00;
+--------+----------------+---------+-------+
| codigo | nome_produto   | cor     | preco |
+--------+----------------+---------+-------+
|      2 | LAPIS COLORIDO | AMARELO |  0.99 |
|      3 | BORRACHA       | BRANCA  |  1.65 |
+--------+----------------+---------+-------+
2 rows in set (0.000 sec)

MariaDB [revisao]> select * from produtos
    -> where preco in (15.75,8.50);
+--------+-----------------+------+-------+
| codigo | nome_produto    | cor  | preco |
+--------+-----------------+------+-------+
|      1 | CADERNO         | AZUL | 15.75 |
|      5 | PASTA DE FOLHAS | ROSA |  8.50 |
+--------+-----------------+------+-------+
2 rows in set (0.000 sec)

MariaDB [revisao]> SELECT * FROM PRODUTOS
    -> where cor='azul';
+--------+--------------+------+-------+
| codigo | nome_produto | cor  | preco |
+--------+--------------+------+-------+
|      1 | CADERNO      | AZUL | 15.75 |
|      7 | FICHARIO     | AZUL | 15.00 |
+--------+--------------+------+-------+
2 rows in set (0.001 sec)

MariaDB [revisao]> SELECT * FROM PRODUTOS
    -> where preco > 10;
+--------+--------------+-------+-------+
| codigo | nome_produto | cor   | preco |
+--------+--------------+-------+-------+
|      1 | CADERNO      | AZUL  | 15.75 |
|      6 | PEN DRIVE    | PRETO | 34.20 |
|      7 | FICHARIO     | AZUL  | 15.00 |
+--------+--------------+-------+-------+
3 rows in set (0.000 sec)

MariaDB [revisao]>

